prod_id,supplier_name,ean,price_excl,price_incl,ice_prod_id,ice_supplier_name,ice_ean,"Your product ID"
"Ryzen 5 5600",AMD,,,,"Ryzen 5 5600",AMD,,
"Ryzen 5 5600X",AMD,,,,"Ryzen 5 5600X",AMD,,
"Ryzen 7 5700X3D",AMD,,,,"Ryzen 7 5700X3D",AMD,,
"Ryzen 5 7600",AMD,,,,"Ryzen 5 7600",AMD,,
"Ryzen 5 7600X",AMD,,,,"Ryzen 5 7600X",AMD,,
"Ryzen 5 9600X",AMD,,,,"Ryzen 5 9600X",AMD,,
"Ryzen 7 7700X",AMD,,,,"Ryzen 7 7700X",AMD,,
"Ryzen 7 9700X",AMD,,,,"Ryzen 7 9700X",AMD,,
"Ryzen 7 7800X3D",AMD,,,,"Ryzen 7 7800X3D",AMD,,
"Ryzen 7 9800X3D",AMD,,,,"Ryzen 7 9800X3D",AMD,,
"Ryzen 7 9850X3D",AMD,,,,"Ryzen 7 9850X3D",AMD,,
"Ryzen 9 9900X",AMD,,,,"Ryzen 9 9900X",AMD,,
"Ryzen 9 9950X",AMD,,,,"Ryzen 9 9950X",AMD,,
"Ryzen 9 9950X3D",AMD,,,,"Ryzen 9 9950X3D",AMD,,
"Core Ultra 5 245K",Intel,,,,"Core Ultra 5 245K",Intel,,
"Core Ultra 5 250K Plus",Intel,,,,"Core Ultra 5 250K Plus",Intel,,
"Core Ultra 7 265K",Intel,,,,"Core Ultra 7 265K",Intel,,
"Core Ultra 7 270K Plus",Intel,,,,"Core Ultra 7 270K Plus",Intel,,
"Core Ultra 9 285K",Intel,,,,"Core Ultra 9 285K",Intel,,
"Core i5-14600K",Intel,,,,"Core i5-14600K",Intel,,
"Core i7-14700K",Intel,,,,"Core i7-14700K",Intel,,
"Core i9-14900K",Intel,,,,"Core i9-14900K",Intel,,
"GeForce RTX 5060 8GB",NVIDIA,,,,"GeForce RTX 5060 8GB",NVIDIA,,
"GeForce RTX 5060 Ti 8GB",NVIDIA,,,,"GeForce RTX 5060 Ti 8GB",NVIDIA,,
"GeForce RTX 5060 Ti 16GB",NVIDIA,,,,"GeForce RTX 5060 Ti 16GB",NVIDIA,,
"GeForce RTX 5070 12GB",NVIDIA,,,,"GeForce RTX 5070 12GB",NVIDIA,,
"GeForce RTX 5070 Ti 16GB",NVIDIA,,,,"GeForce RTX 5070 Ti 16GB",NVIDIA,,
"GeForce RTX 5080 16GB",NVIDIA,,,,"GeForce RTX 5080 16GB",NVIDIA,,
"GeForce RTX 5090 32GB",NVIDIA,,,,"GeForce RTX 5090 32GB",NVIDIA,,
"GeForce RTX 4060 8GB",NVIDIA,,,,"GeForce RTX 4060 8GB",NVIDIA,,
"GeForce RTX 4060 Ti 8GB",NVIDIA,,,,"GeForce RTX 4060 Ti 8GB",NVIDIA,,
"GeForce RTX 4070 12GB",NVIDIA,,,,"GeForce RTX 4070 12GB",NVIDIA,,
"GeForce RTX 4070 Ti Super 16GB",NVIDIA,,,,"GeForce RTX 4070 Ti Super 16GB",NVIDIA,,
"GeForce RTX 4080 Super 16GB",NVIDIA,,,,"GeForce RTX 4080 Super 16GB",NVIDIA,,
"GeForce RTX 4090 24GB",NVIDIA,,,,"GeForce RTX 4090 24GB",NVIDIA,,
"Radeon RX 9060 XT 8GB",AMD,,,,"Radeon RX 9060 XT 8GB",AMD,,
"Radeon RX 9060 XT 16GB",AMD,,,,"Radeon RX 9060 XT 16GB",AMD,,
"Radeon RX 9070 16GB",AMD,,,,"Radeon RX 9070 16GB",AMD,,
"Radeon RX 9070 XT 16GB",AMD,,,,"Radeon RX 9070 XT 16GB",AMD,,
"Radeon RX 7600 8GB",AMD,,,,"Radeon RX 7600 8GB",AMD,,
"Radeon RX 7700 XT 12GB",AMD,,,,"Radeon RX 7700 XT 12GB",AMD,,
"Radeon RX 7800 XT 16GB",AMD,,,,"Radeon RX 7800 XT 16GB",AMD,,
"Radeon RX 7900 XT 20GB",AMD,,,,"Radeon RX 7900 XT 20GB",AMD,,
"Radeon RX 7900 XTX 24GB",AMD,,,,"Radeon RX 7900 XTX 24GB",AMD,,
"B860 Eagle WiFi",Gigabyte,,,,"B860 Eagle WiFi",Gigabyte,,
"Vengeance DDR5-5600 16GB (2x8GB) CL36",Corsair,,,,"Vengeance DDR5-5600 16GB (2x8GB) CL36",Corsair,,
"Fury Beast DDR5-5600 16GB (2x8GB) CL36",Kingston,,,,"Fury Beast DDR5-5600 16GB (2x8GB) CL36",Kingston,,
"T-Force Vulcan DDR5-5600 16GB (2x8GB) CL36",TeamGroup,,,,"T-Force Vulcan DDR5-5600 16GB (2x8GB) CL36",TeamGroup,,
"Vengeance DDR5-6000 32GB (2x16GB) CL30",Corsair,,,,"Vengeance DDR5-6000 32GB (2x16GB) CL30",Corsair,,
"Trident Z5 NEO DDR5-6000 32GB (2x16GB) CL30",G.Skill,,,,"Trident Z5 NEO DDR5-6000 32GB (2x16GB) CL30",G.Skill,,
"Fury Beast DDR5-6000 32GB (2x16GB) CL30",Kingston,,,,"Fury Beast DDR5-6000 32GB (2x16GB) CL30",Kingston,,
"T-Force Delta RGB DDR5-6000 32GB (2x16GB) CL30",TeamGroup,,,,"T-Force Delta RGB DDR5-6000 32GB (2x16GB) CL30",TeamGroup,,
"Trident Z5 RGB DDR5-6400 32GB (2x16GB) CL32",G.Skill,,,,"Trident Z5 RGB DDR5-6400 32GB (2x16GB) CL32",G.Skill,,
"Dominator Titanium DDR5-6400 32GB (2x16GB) CL32",Corsair,,,,"Dominator Titanium DDR5-6400 32GB (2x16GB) CL32",Corsair,,
"Trident Z5 Royal Neo DDR5-6800 32GB (2x16GB) CL34",G.Skill,,,,"Trident Z5 Royal Neo DDR5-6800 32GB (2x16GB) CL34",G.Skill,,
"Vengeance DDR5-5600 48GB (2x24GB) CL40",Corsair,,,,"Vengeance DDR5-5600 48GB (2x24GB) CL40",Corsair,,
"Trident Z5 NEO DDR5-6000 48GB (2x24GB) CL30",G.Skill,,,,"Trident Z5 NEO DDR5-6000 48GB (2x24GB) CL30",G.Skill,,
"Vengeance DDR5-6000 64GB (2x32GB) CL30",Corsair,,,,"Vengeance DDR5-6000 64GB (2x32GB) CL30",Corsair,,
"Trident Z5 RGB DDR5-6000 64GB (2x32GB) CL30",G.Skill,,,,"Trident Z5 RGB DDR5-6000 64GB (2x32GB) CL30",G.Skill,,
"Fury Beast DDR5-5600 64GB (2x32GB) CL40",Kingston,,,,"Fury Beast DDR5-5600 64GB (2x32GB) CL40",Kingston,,
"Vengeance LPX DDR4-3200 32GB (2x16GB) CL16",Corsair,,,,"Vengeance LPX DDR4-3200 32GB (2x16GB) CL16",Corsair,,
"Ripjaws V DDR4-3600 32GB (2x16GB) CL18",G.Skill,,,,"Ripjaws V DDR4-3600 32GB (2x16GB) CL18",G.Skill,,
"Fury Beast DDR4-3200 16GB (2x8GB) CL16",Kingston,,,,"Fury Beast DDR4-3200 16GB (2x8GB) CL16",Kingston,,
"BX500 1TB SSD SATA",Crucial,,,,"BX500 1TB SSD SATA",Crucial,,
"KC3000 1TB NVMe Gen4",Kingston,,,,"KC3000 1TB NVMe Gen4",Kingston,,
"990 PRO 2TB NVMe Gen4",Samsung,,,,"990 PRO 2TB NVMe Gen4",Samsung,,
"T705 4TB NVMe Gen5",Crucial,,,,"T705 4TB NVMe Gen5",Crucial,,
"CX550 550W 80+ Bronze",Corsair,,,,"CX550 550W 80+ Bronze",Corsair,,
"MAG A650GL 650W 80+ Gold",MSI,,,,"MAG A650GL 650W 80+ Gold",MSI,,
"RM750e 750W 80+ Gold",Corsair,,,,"RM750e 750W 80+ Gold",Corsair,,
"Focus GX-850 850W 80+ Gold",Seasonic,,,,"Focus GX-850 850W 80+ Gold",Seasonic,,
"Dark Power 13 1000W Titanium","be quiet!",,,,"Dark Power 13 1000W Titanium","be quiet!",,
"HX1200i 1200W 80+ Platinum",Corsair,,,,"HX1200i 1200W 80+ Platinum",Corsair,,
"A3-mATX Mesh","Lian Li",,,,"A3-mATX Mesh","Lian Li",,
"Pop Air / NZXT H5 Flow","Fractal Design",,,,"Pop Air / NZXT H5 Flow","Fractal Design",,
"O11 Vision Panormico","Lian Li",,,,"O11 Vision Panormico","Lian Li",,
"7000D AIRFLOW Full-Tower",Corsair,,,,"7000D AIRFLOW Full-Tower",Corsair,,
"Liquid Freezer III 240",Arctic,,,,"Liquid Freezer III 240",Arctic,,
"Liquid Freezer III 360 ARGB",Arctic,,,,"Liquid Freezer III 360 ARGB",Arctic,,
