"Requested_prod_id","Requested_GTIN(EAN/UPC)","Requested_Icecat_id","ErrorMessage","Supplier","Prod_id","Icecat_id","GTIN(EAN/UPC)","Category","CatId","ProductFamily","ProductSeries","Model","Updated","Quality","On_Market","Product_Views","HighPic","HighPic Resolution","LowPic","Pic500x500","ThumbPic","Folder_PDF","Folder_Manual_PDF","ProductTitle","ShortDesc","ShortSummaryDescription","LongSummaryDescription","LongDesc","Short Marketing Text","SEO Title","SEO Description","SEO Keywords","ProductGallery","ProductGallery Resolution","ProductGallery ExpirationDate","360","EU Energy Label","EU Product Fiche","PDF","Video/mp4","Other Multimedia","ProductMultimediaObject ExpirationDate","ReasonsToBuy","Bullet Points","Variant_prod_id","Variant_GTIN(EAN/UPC)","EPREL ID","Your product ID","Tipos de BIOS","Tamaño de memoria de BIOS","Botón de limpieza CMOS","Versión ACPI","Jumper Clear CMOS","Versión de la interfaz de administración de escritorio (DMI)","Versión de BIOS de administración del sistema (SMBIOS)","Peso de la batería","Lithium weight per battery","Número de celdas de batería","Tecnología de batería","Tipo de batería","Capacidad de batería","Componente para","Factor de forma de la tarjeta madre","Familia del chipset","Chipset de tarjeta madre","Canales de salida de audio","Tipo de alimentación","Sistemas operativos Windows soportados","Chip de sonido","Color del producto","Monitoreo de la salud de PC","Tipo de enfriamiento","Cables incluidos","Software incluido","Pilas incluidas","Antena incluida","Tornillos incluidos","Interfaces de disco de almacenamiento soportados","Tipos de unidades de almacenamiento admitidas","Número de HDDs soportados","Número de unidades de almacenamiento compatibles","Compatibilidad con RAID","Niveles RAID","País de origen","Cantidad por caja de envío","Ancho del paquete","Largo del paquete","Alto del paquete","Peso del paquete","Soporte para proceso paralelo","Máxima resolución","HDCP","Versión DirectX","Adaptador gráfico en tablero","USB 2.0, conectores","Conectores USB 3.2 Gen 1 (3.1 Gen 1)","Conectores USB 3.2 Gen 2 (3.1 Gen 2)","Número de conectores SATA III","Número de conectores SATA","Número total de conectores SATA","S/PDIF, conector de salida","conector de audio","Conector de panel delantero","Conector de potencia ATX (24 pines)","Conector para ventilador","Conector de ventilador CPU","Número de conectores a ventilador de chasis","Conectores de poder (4 pin) periféricos (Molex)","Conector de energía EPS (8-pin)","Número de conectores COM","Conector TPM","Conector eléctrico de 12 V","Conector para tiras LED RGB","Número de conectores SATA II","Conector de audio en panel frontal","Conector de intrusión a chasis","USB 3.2 Gen 2x2 connectors","Number of CPU fan connectors","Number of EPS power connectors (8-pin)","Cabecera de puerto serie","Number of water pump connectors","Number of RGB LED pin headers","Cabeceras Thunderbolt","tipos de memoria compatibles","Número de ranuras de memoria","Memoria interna máxima","Tipo de ranuras de memoria","Canales de memoria","ECC сompatibility","Velocidades de reloj de memoria soportadas","Memoria sin buffer","Supported memory clock speed (max)","Maximum internal memory per slot","Capacidades del módulo de memoria soportadas","Salida de audio","Características especiales","Cantidad de puertos mSATA","Peso","PCI Express x4 Gen (3.x) ranuras","Guía de instalación rápida","Botón para regresar a BIOS","Cantidad de puertos USB 2.0","Cantidad de puertos tipo A USB 3.2 Gen 1 (3.1 Gen 1)","Cantidad de puertos tipo C USB 3.2 Gen 1 (3.1 Gen 1)","Cantidad de puertos tipo A USB 3.2 Gen 2 (3.1 Gen 2)","Cantidad de puertos tipo C USB 3.2 Gen 2 (3.1 Gen 2)","Puertos Ethernet LAN (RJ-45)","Cantidad de puertos VGA (D-Sub)","Número de puertos HDMI","Cantidad de puertos DVI-D","Cantidad de DisplayPorts","Salidas para auriculares","Entrada de línea","Entrada de micrófono","Tipo de conector USB","Cantidad de puertos USB 3.2 Gen 2x2 Tipo C","Versión HDMI","Puerto de salida S/PDIF","Versión de DisplayPort","Conector para antena WiFi-AP","USB4 Gen 2x2 ports quantity","USB4 Gen 3x2 ports quantity","Cantidad de puertos PS/2","Cantidad de puertos Thunderbolt","Ancho","Profundidad","Altura","Fabricante de procesador","Socket de procesador","Procesador compatible","Sockets de procesador soportados","Máxima memoria interna soportada por el procesador","Máx. número de procesador SMP","Ranuras PCI Express x16 (Gen 4.x)","Número de ranuras M.2 (M)","PCI Express x16 Gen (3.x) ranuras","1st M.2 largest key size","1st M.2 highest PCI Express generation","2nd M.2 largest key size","2nd M.2 highest PCI Express generation","3rd M.2 largest key size","3rd M.2 highest PCI Express generation","PCI Express x16 (Gen 5.x) slots","4th M.2 largest key size","4th M.2 highest PCI Express generation","Ranuras x16 PCI Express","PCI Express x1 (Gen 3.x) ranuras","PCI Express x1 (Gen 4.x) slots","Ranuras x4 PCI Express","PCI Express x4 (Gen 4.x) slots","Ranuras PCI Express x8 (Gen 3.x)","PCI Express x8 (Gen 4.x) slots","PCI Express x8 (Gen 5.x) slots","Ranuras x1 PCI Express","Wifi","Ethernet","Tipo de interfaz ethernet","Máximo estándas Wi-Fi","Estándares de Wi-Fi","Bluetooth","Versión de Bluetooth","Controlador LAN","Modelo de controlador WLAN","Warranty period","Producción gráfica"
"PRIME B650M-A WiFi II","","107738080","","ASUS","90MB1EG0-M0EAY0","107738080","4711387034934","Placas base","164","","","PRIME B650M-A WIFI II","20260709131520","ICECAT","1","293270","https://images.icecat.biz/img/gallery/a2c6315366a3e06c3169cb4838a40ab73ce43b55.jpg","2365x1531","https://images.icecat.biz/img/gallery_lows/51099bd480041122e113494e112e16dc734ee923.jpg","https://images.icecat.biz/img/gallery_mediums/08c44f92c2c35ca935542847bd839c2cd6dc2fdb.jpg","https://images.icecat.biz/img/gallery_thumbs/da11f77e63f45fa14fec55df329e2257bab7e4fb.jpg","https://icecat.biz/rest/product-pdf?productId=107738080&lang=es_pe","","ASUS PRIME B650M-A WIFI II AMD B650 Enchufe AM5 Micro ATX","","ASUS PRIME B650M-A WIFI II, AMD, Enchufe AM5, AMD Ryzen™ 7, DDR5-SDRAM, 128 GB, DIMM","ASUS PRIME B650M-A WIFI II. Fabricante de procesador: AMD, Socket de procesador: Enchufe AM5, Procesador compatible: AMD Ryzen™ 7. tipos de memoria compatibles: DDR5-SDRAM, Memoria interna máxima: 128 GB, Tipo de ranuras de memoria: DIMM. Interfaces de disco de almacenamiento soportados: M.2, PCI Express 4.0, PCI Express 5.0, SATA, Tipos de unidades de almacenamiento admitidas: HDD & SSD, Niveles RAID: 0, 1, 10. Tipo de conector USB: USB tipo A. Tipo de interfaz ethernet: 2.5 Gigabit Ethernet, Máximo estándas Wi-Fi: Wi-Fi 6 (802.11ax), Estándares de Wi-Fi: 802.11a, 802.11b, 802.11g, Wi-Fi 4 (802.11n), Wi-Fi 5 (802.11ac), Wi-Fi 6 (802.11ax)","","","","","","https://images.icecat.biz/img/gallery/a2c6315366a3e06c3169cb4838a40ab73ce43b55.jpg|https://images.icecat.biz/img/gallery/070c4a06f80b7214070ce63887bffcad70d4a182.jpg|https://images.icecat.biz/img/gallery/d95fbf1bff22fbce17058b78b983e1c195b529d7.jpg|https://images.icecat.biz/img/gallery/e7c1acba0fe079a8374916b86983ddf52bbcddd8.jpg|https://images.icecat.biz/img/gallery/8098ce404840046adb8e47a0eb3e8cf34525e697.jpg|https://images.icecat.biz/img/gallery/67c80bd49e77fb49b1bbd54f9485c5a8f80212dc.jpg|https://images.icecat.biz/img/gallery/69e856a63fb389d08bda5cc0dfc54cae5095b9c5.jpg","2365x1531|2159x2100|2011x2490|2016x2348|2477x2166|2472x790|2500x2500","||||||","","","","https://objects.icecat.biz/objects/mmo_107738080_1674804417_8125_23077.pdf","","","","","","","","","","UEFI AMI","256 MB/s","Si","","","","","","","","","","","PC","Micro ATX","AMD","AMD B650","7.1 channels","ATX","Windows 10, Windows 11","","","","","SATA","ASUS Exclusive Software\nArmoury Crate\n- Aura Creator\n- Aura Sync\n- Fan Xpert 2+\n- Power Saving\nAI Suite 3\n- TurboV EVO\n- DIGI+ VRM\n- PC Cleaner\nASUS CPU-Z\nMyASUS\nNorton Anti-virus software (Free Trial version)\nWinRAR\nUEFI BIOS\nASUS EZ DIY\n- ASUS CrashFree BIOS 3\n- ASUS EZ Flash 3\n- ASUS UEFI BIOS EZ Mode","","","","M.2, PCI Express 4.0, PCI Express 5.0, SATA","HDD & SSD","4","2","Si","0, 1, 10","","","","","","","","","","","","2","2","","","4","4","Si","Si","Si","Si","Si","Si","3","4","Si","1","Si","Si","Si","","","","","","","","","","","DDR5-SDRAM","4","128 GB","DIMM","Doble canal","ECC y no ECC","4800,5000,5200,5400,5600,5800,6000,6200,6400 MHz","Si","","","","<strong>Realtek 7.1 Surround Sound High Definition Audio CODEC*</strong><br />- Supports: Jack-detection, Multi-streaming, Front Panel Jack-retasking<br />- Supports up to 24-Bit/192 kHz playback<br /><strong>Audio Features</strong><br />- Audio Shielding<br />- Premium audio capacitors<br />- Dedicated audio PCB layers<br />* A chassis with an HD audio module in the front panel is required to support 7.1 Surround Sound audio output.","<strong>Total supports 2 x M.2 slots and 4 x SATA 6Gb/s ports*<br />AMD Ryzen<sup>™</sup> 7000 Series Desktop Processors</strong><br />M.2_1 slot (Key M), type 2242/2260/2280 (supports PCIe 5.0 x4 mode)<br /><strong>AMD B650 Chipset</strong><br />M.2_2 slot (Key M), type 2242/2260/2280 (supports PCIe 4.0 x4 mode)<br />4 x SATA 6Gb/s ports<br />* AMD RAIDXpert2 Technology supports both PCIe RAID 0/1/10 and SATA RAID 0/1/10.","","","","","","4","2","","2","","1","1","1","","1","1","Si","Si","USB tipo A","","","","","","","","","","244 mm","244 mm","","AMD","Enchufe AM5","AMD Ryzen™ 7","","","","3","2","","","","","","","","","","","","","","","","","","","","Si","Si","2.5 Gigabit Ethernet","Wi-Fi 6 (802.11ax)","802.11a, 802.11b, 802.11g, Wi-Fi 4 (802.11n), Wi-Fi 5 (802.11ac), Wi-Fi 6 (802.11ax)","Si","5.2","","","","1 x DisplayPort**<br />1 x VGA port<br />1 x HDMI<sup>®</sup> port***<br />* Graphics specifications may vary between CPU types. Please refer to AMD CPU specifications.<br />** Supports max. 8K@60Hz as specified in DisplayPort 1.4.<br />*** Supports 4K@60Hz as specified in HDMI<sup>®</sup> 2.1."
"MAG B650 TOMAHAWK WiFi","","102156733","","MSI","MAG B650 TOMAHAWK WIFI","102156733","4711377010153|0824142301036|824142301036","Placas base","164","","","MAG B650 Tomahawk WIFI","20260713163057","ICECAT","1","446599","https://images.icecat.biz/img/gallery/4f8e44eb50e672f77bea5a82b31483bbb98a1e18.jpg","2733x1918","https://images.icecat.biz/img/gallery_lows/a61ff010a3a27a4c47ee9677b9235c283e49030a.jpg","https://images.icecat.biz/img/gallery_mediums/526c554a0bf2bf41f3978259e236c77bb7388f99.jpg","https://images.icecat.biz/img/gallery_thumbs/1b1ef1730b2987255a3f5ebdb58b8f9a051b0905.jpg","https://icecat.biz/rest/product-pdf?productId=102156733&lang=es_pe","https://objects.icecat.biz/objects/mmo_102156733_1667375659_2494_29523.pdf","MSI MAG B650 Tomahawk WIFI AMD B650 Enchufe AM5 ATX","","MSI MAG B650 Tomahawk WIFI, AMD, Enchufe AM5, AMD Ryzen 7000 Series, Enchufe AM5, DDR5-SDRAM, 128 GB","MSI MAG B650 Tomahawk WIFI. Fabricante de procesador: AMD, Socket de procesador: Enchufe AM5, Procesador compatible: AMD Ryzen 7000 Series. tipos de memoria compatibles: DDR5-SDRAM, Memoria interna máxima: 128 GB, ECC сompatibility: No-ECC. Interfaces de disco de almacenamiento soportados: M.2, SATA, Niveles RAID: 0, 1, 10. Tipo de interfaz ethernet: 2.5 Gigabit Ethernet, Controlador LAN: Realtek RTL8125B, Máximo estándas Wi-Fi: Wi-Fi 6E (802.11ax). Componente para: PC, Factor de forma de la tarjeta madre: ATX, Familia del chipset: AMD","","","","","","https://images.icecat.biz/img/gallery/4f8e44eb50e672f77bea5a82b31483bbb98a1e18.jpg|https://images.icecat.biz/img/gallery/8a263ce9d37f3fcc0972cac3cb0a33dd157e5db7.jpg|https://images.icecat.biz/img/gallery/ebc6a5478109948bc25928e3d55cddd77c90c2a2.jpg|https://images.icecat.biz/img/gallery/ff1b718561908f12e858d80d666c9a2f84b4bf92.jpg|https://images.icecat.biz/img/gallery/d67a7250d3d3fe6f232d03b808c0fee4e2dc1d18.jpg","2733x1918|1339x1602|1320x1602|1173x1576|1755x631","||||","","","","","","","","","","","","","","","","","","","","","","","","","","","PC","ATX","AMD","AMD B650","7.1 channels","","Windows 11 x64","Realtek ALC4080","Negro","Ventilador","","","","","","","M.2, SATA","","","9","Si","0, 1, 10","","","","","","","","","","","","4","2","","6","","","","","Si","Si","","Si","","","","","","","","","Si","Si","","","","","","","","DDR5-SDRAM","4","128 GB","","","No-ECC","4800,5000,5200,5400,5600,5800,6000,6200,6400,6600 MHz","","","","","","","","","","","","2","4","","3","1","1","","1","","","1","","Si","","1","2.1","Si","","","","","","","304,8 mm","243,8 mm","","AMD","Enchufe AM5","AMD Ryzen 7000 Series","Enchufe AM5","","","2","3","1","","","","","","","","","","","","","","","","","","","Si","Si","2.5 Gigabit Ethernet","Wi-Fi 6E (802.11ax)","802.11a, 802.11b, 802.11g, Wi-Fi 4 (802.11n), Wi-Fi 5 (802.11ac), Wi-Fi 6E (802.11ax)","Si","5.2","Realtek RTL8125B","","",""
"B650 Gaming X AX","","101890207","","GIGABYTE","B650 GAMING X AX","101890207","4719331849849|0889523034156|889523034156","Placas base","164","","","B650 GAMING X AX","20251105142445","ICECAT","1","197380","https://images.icecat.biz/img/gallery/e746c6456ffd237a1e13aee317c05f5b1a352597.jpg","1000x1000","https://images.icecat.biz/img/gallery_lows/c82e907a03c99a9a7a46e2e21d3ef122854610a8.jpg","https://images.icecat.biz/img/gallery_mediums/fef98d35bb4addb935e930d64979cedd63de066f.jpg","https://images.icecat.biz/img/gallery_thumbs/bdea3a578f181ef334ac4d41846c0d06df24212b.jpg","https://icecat.biz/rest/product-pdf?productId=101890207&lang=es_pe","","GIGABYTE B650 GAMING X AX placa base AMD B650 Enchufe AM5 ATX","","GIGABYTE B650 GAMING X AX, AMD, Enchufe AM5, AMD Ryzen 7000 Series, AMD Ryzen 8000 Series, AMD Ryzen 9000 Series, Enchufe AM5, DDR5-SDRAM, 256 GB","GIGABYTE B650 GAMING X AX. Fabricante de procesador: AMD, Socket de procesador: Enchufe AM5, Procesador compatible: AMD Ryzen 7000 Series, AMD Ryzen 8000 Series, AMD Ryzen 9000 Series. tipos de memoria compatibles: DDR5-SDRAM, Memoria interna máxima: 256 GB, Tipo de ranuras de memoria: DIMM. Interfaces de disco de almacenamiento soportados: M.2, PCI Express 4.0, PCI Express 5.0, SATA III, Tipos de unidades de almacenamiento admitidas: HDD & SSD, Niveles RAID: 0, 1, 10. Máxima resolución: 4096 x 2160 Pixeles. Tipo de interfaz ethernet: 2.5 Gigabit Ethernet, Controlador LAN: Realtek RTL8125, Máximo estándas Wi-Fi: Wi-Fi 6E (802.11ax)","","","","","","https://images.icecat.biz/img/gallery/e746c6456ffd237a1e13aee317c05f5b1a352597.jpg|https://images.icecat.biz/img/gallery/04c1574ac6226e5042fd5471a9f21142b270f2e2.jpg|https://images.icecat.biz/img/gallery/37ca936ff6c347022bc0ba249470419712dc9f44.jpg|https://images.icecat.biz/img/gallery/c81df9f4791da0e6c2e0ba6186c8e3340fda1b6b.jpg|https://images.icecat.biz/img/gallery/d22bfd7f7b611b6f63d41577c50ea3768f52ca43.jpg|https://images.icecat.biz/img/gallery/4656e907f51fd36f0c98130f80363d20faca3d9d.jpg","1000x1000|1000x1000|1000x1000|1000x1000|1000x1000|1000x1000","|||||","","","","","","","","","","","","","","UEFI AMI","256 MB/s","","5.0","Si","2.7","2.7","3 g","0,07 g","1","Lithium-Manganese Dioxide (LiMnO2)","CR2032","","PC","ATX","AMD","AMD B650","7.1 channels","ATX","Windows 10 x64, Windows 11 x64","Realtek ALC897","Café","Ventilador, Temperatura, Voltaje, Water cooling","Pasivo","","Norton® Internet Security (OEM version)\nLAN bandwidth management software","Si","Si","Si","M.2, PCI Express 4.0, PCI Express 5.0, SATA III","HDD & SSD","4","7","Si","0, 1, 10","China","1 pieza(s)","335 mm","270 mm","80 mm","2,2 kg","No compatible","4096 x 2160 Pixeles","Si","12.0","","2","1","","4","","","","","Si","Si","","Si","3","1","Si","","Si","Si","Si","","Si","","1","2","1","1","2","5","","DDR5-SDRAM","4","256 GB","DIMM","Doble canal","No-ECC","8000,7800,7600,7200,7000,6800,6600,6400,6200,6000,5600,5200,4800,4400 MHz","Si","8000 MHz","64 GB","","","","","","","","","3","3","","1","1","1","","1","","1","1","Si","Si","","","2.1","","1.4","2","","","","","305 mm","244 mm","35 mm","AMD","Enchufe AM5","AMD Ryzen 7000 Series, AMD Ryzen 8000 Series, AMD Ryzen 9000 Series","Enchufe AM5","","","1","3","2","25110","5.0","22110","4.0","25110","4.0","","","","","","","","","","","","","Si","Si","2.5 Gigabit Ethernet","Wi-Fi 6E (802.11ax)","802.11a, 802.11b, 802.11g, Wi-Fi 4 (802.11n), Wi-Fi 5 (802.11ac), Wi-Fi 6 (802.11ax), Wi-Fi 6E (802.11ax)","Si","5.3","Realtek RTL8125","Realtek RTL8852CE","3 Año(s)",""
"B650M PG Riptide WiFi","","110259156","You are not allowed to access a Full Icecat repository with a free Open Icecat account. Please, check the manual or upgrade your account","Asrock","","","","","","","","","","","","","","","","","","","","","","","","","","","","","","","","","","","","","","","","","","","","","","","","","","","","","","","","","","","","","","","","","","","","","","","","","","","","","","","","","","","","","","","","","","","","","","","","","","","","","","","","","","","","","","","","","","","","","","","","","","","","","","","","","","","","","","","","","","","","","","","","","","","","","","","","","","","","","","","","","","","","","","","","","","","","","","","","","","","","","","","","","","","","","","","","","","","","","","","","",""
"MAG B850 Tomahawk MAX WiFi","","124860428","","MSI","MAG B850 TOMAHAWK MAX WIFI","124860428","4711377290623|0824142395356|824142395356","Placas base","164","","","MAG B850 TOMAHAWK MAX WIFI","20251209122702","ICECAT","1","74581","https://images.icecat.biz/img/gallery/c3b6f90d196eec90e7f0aafa0b1dcc0af0f1a0f6.jpg","2505x1892","https://images.icecat.biz/img/gallery_lows/658785f614b8636c8916731c99f681c431af665a.jpg","https://images.icecat.biz/img/gallery_mediums/857261b24f032ae06c7abb64a9a6f5798d450937.jpg","https://images.icecat.biz/img/gallery_thumbs/117d772fb8a11529731b412d20e366e85a005910.jpg","https://icecat.biz/rest/product-pdf?productId=124860428&lang=es_pe","","MSI MAG B850 TOMAHAWK MAX WIFI placa base AMD B850 Enchufe AM5 ATX","","MSI MAG B850 TOMAHAWK MAX WIFI, AMD, Enchufe AM5, AMD Ryzen 7000 Series, AMD Ryzen 8000 Series, AMD Ryzen 9000 Series, Enchufe AM5, 256 GB, DDR5-SDRAM","MSI MAG B850 TOMAHAWK MAX WIFI. Fabricante de procesador: AMD, Socket de procesador: Enchufe AM5, Procesador compatible: AMD Ryzen 7000 Series, AMD Ryzen 8000 Series, AMD Ryzen 9000 Series. tipos de memoria compatibles: DDR5-SDRAM, Memoria interna máxima: 256 GB, Tipo de ranuras de memoria: DIMM. Interfaces de disco de almacenamiento soportados: M.2, Micro SATA III, Tipos de unidades de almacenamiento admitidas: HDD & SSD, Niveles RAID: 0, 1, 10. Tipo de interfaz ethernet: 5 Gigabit Ethernet, Máximo estándas Wi-Fi: Wi-Fi 7 (802.11be), Estándares de Wi-Fi: 802.11a, 802.11b, 802.11g, Wi-Fi 4 (802.11n), Wi-Fi 5 (802.11ac), Wi-Fi 6 (802.11ax), Wi-Fi 6E.... Componente para: PC, Factor de forma de la tarjeta madre: ATX, Familia del chipset: AMD","","","","","","https://images.icecat.biz/img/gallery/c3b6f90d196eec90e7f0aafa0b1dcc0af0f1a0f6.jpg|https://images.icecat.biz/img/gallery/e4d347babf42a6b52c11c22f1b0ee06a90c9b27e.jpg|https://images.icecat.biz/img/gallery/1c91a6895c8a6d044029f386596db40bbea04fa9.jpg|https://images.icecat.biz/img/gallery/5f07d16da834970b0596b1abf685c58535249ede.jpg|https://images.icecat.biz/img/gallery/eb7153a4ae04b50bb02d16dfeac2a242864f9b9c.jpg","2505x1892|1285x1537|1299x1541|1102x1540|1981x727","||||","","","","","","","","","","","","","","","","","","","","","","","","","","","PC","ATX","AMD","AMD B850","7.1 channels","","Windows 11 x64","Realtek ALC4080","Blanco","","","","","","","","M.2, Micro SATA III","HDD & SSD","4","8","Si","0, 1, 10","","","","","","","","","","","No","4","4","1","4","","4","","","","","","Si","","","","","","","Si","","","","","6","","","1","3","","DDR5-SDRAM","4","256 GB","DIMM","Doble canal","No-ECC","4800,5600,8400 MHz","","8400 MHz","","","","","","","","","","4","1","","2","3","1","","1","","","","","","","","2.1","","","","","","","","243,8 mm","304,8 mm","","AMD","Enchufe AM5","AMD Ryzen 7000 Series, AMD Ryzen 8000 Series, AMD Ryzen 9000 Series","Enchufe AM5","256 GB","","1","4","1","22110","5.0","2280","5.0","2280","4.0","1","2280","4.0","","","","","","","","","","Si","Si","5 Gigabit Ethernet","Wi-Fi 7 (802.11be)","802.11a, 802.11b, 802.11g, Wi-Fi 4 (802.11n), Wi-Fi 5 (802.11ac), Wi-Fi 6 (802.11ax), Wi-Fi 6E (802.11ax), Wi-Fi 7 (802.11be)","Si","5.4","","","",""
"B850 Pro-A WiFi","","125083090","You are not allowed to access a Full Icecat repository with a free Open Icecat account. Please, check the manual or upgrade your account","Asrock","","","","","","","","","","","","","","","","","","","","","","","","","","","","","","","","","","","","","","","","","","","","","","","","","","","","","","","","","","","","","","","","","","","","","","","","","","","","","","","","","","","","","","","","","","","","","","","","","","","","","","","","","","","","","","","","","","","","","","","","","","","","","","","","","","","","","","","","","","","","","","","","","","","","","","","","","","","","","","","","","","","","","","","","","","","","","","","","","","","","","","","","","","","","","","","","","","","","","","","","",""
"MAG X870 Tomahawk WiFi","","122348140","","MSI","MAG X870 TOMAHAWK WIFI","122348140","4711377254557|0824142380499|824142380499","Placas base","164","","","MAG X870 TOMAHAWK WIFI","20260713164553","ICECAT","1","100558","https://images.icecat.biz/img/gallery/cf009acd3668ca57984ab15e00279cd19c965687.jpg","2777x2054","https://images.icecat.biz/img/gallery_lows/317282bde868e8194a5c279d9d5bcc002954ab24.jpg","https://images.icecat.biz/img/gallery_mediums/e7e01a2c4b7bf2cbcf5d84a53aeb73f86d7eecee.jpg","https://images.icecat.biz/img/gallery_thumbs/1aa748a1547d1c31601d2183a36be18e11183397.jpg","https://icecat.biz/rest/product-pdf?productId=122348140&lang=es_pe","","MSI MAG X870 TOMAHAWK WIFI placa base AMD X870 Enchufe AM5 ATX","","MSI MAG X870 TOMAHAWK WIFI, AMD, Enchufe AM5, AMD Ryzen™ 7, Enchufe AM5, 256 GB, DDR5-SDRAM","MSI MAG X870 TOMAHAWK WIFI. Fabricante de procesador: AMD, Socket de procesador: Enchufe AM5, Procesador compatible: AMD Ryzen™ 7. tipos de memoria compatibles: DDR5-SDRAM, Memoria interna máxima: 256 GB, Tipo de ranuras de memoria: DIMM. Interfaces de disco de almacenamiento soportados: M.2, SATA III, Tipos de unidades de almacenamiento admitidas: HDD & SSD, Niveles RAID: 0, 1, 10. Tipo de interfaz ethernet: 2.5 Gigabit Ethernet, Máximo estándas Wi-Fi: Wi-Fi 7 (802.11be), Estándares de Wi-Fi: Wi-Fi 7 (802.11be). Componente para: PC, Factor de forma de la tarjeta madre: ATX, Familia del chipset: AMD","","","","","","https://images.icecat.biz/img/gallery/cf009acd3668ca57984ab15e00279cd19c965687.jpg|https://images.icecat.biz/img/gallery/f111287028e33bd3711c8e9d17cc9a21546eaf39.jpg|https://images.icecat.biz/img/gallery/27b289441836dd7ef00c079ecd96c29134e249cd.jpg|https://images.icecat.biz/img/gallery/01a85ac23e4458d9840b7726b9191d092124fe8e.jpg|https://images.icecat.biz/img/gallery/b0c9359937e0b4e9e8b7acb71e50c7c1e2e733b3.jpg","2777x2054|1274x1540|1253x1540|1103x1540|1981x719","||||","","","","","","","","","","","","","","","","","","","","","","","","","","","PC","ATX","AMD","AMD X870","7.1 channels","","","","Negro","CPU, Ventilador, Temperatura, Voltaje","","","","","","","M.2, SATA III","HDD & SSD","","8","Si","0, 1, 10","","","","","","","","","","","No","4","","","4","","4","","","","Si","","Si","","","Si","","","","","","","","","","","","","","","DDR5-SDRAM","4","256 GB","DIMM","Doble canal","No-ECC","","","","","","","","","","","","","4","6","2","2","","1","","1","","2","","","Si","","","","Si","","","2","","","","","","","AMD","Enchufe AM5","AMD Ryzen™ 7","Enchufe AM5","256 GB","","1","4","","","","","","","","1","","","3","","","","","","","","","Si","Si","2.5 Gigabit Ethernet","Wi-Fi 7 (802.11be)","Wi-Fi 7 (802.11be)","Si","5.4","","","",""
"ROG Strix X870-A Gaming WiFi","","122344459","","ASUS","90MB1IF0-M0EAY0","122344459","4711387737859|0197105737853|197105737853","Placas base","164","","","ROG STRIX X870-A GAMING WIFI","20260805141448","ICECAT","1","175475","https://images.icecat.biz/img/gallery/921b58767b51eb85669746526a8b5b5b870030e5.jpg","2381x1953","https://images.icecat.biz/img/gallery_lows/1b2500ef39b2bdc87d6e3e9fff809e7574a2f39e.jpg","https://images.icecat.biz/img/gallery_mediums/e8f3e2d0713252733637bff2280d8403b4249bd3.jpg","https://images.icecat.biz/img/gallery_thumbs/6c94a4a843dfc669d9d190d488357162c56624ef.jpg","https://icecat.biz/rest/product-pdf?productId=122344459&lang=es_pe","","ASUS ROG STRIX X870-A GAMING WIFI AMD X870 Enchufe AM5 ATX","","ASUS ROG STRIX X870-A GAMING WIFI, AMD, Enchufe AM5, Enchufe AM5, DDR5-SDRAM, 192 GB, DIMM","ASUS ROG STRIX X870-A GAMING WIFI. Fabricante de procesador: AMD, Socket de procesador: Enchufe AM5, Sockets de procesador soportados: Enchufe AM5. tipos de memoria compatibles: DDR5-SDRAM, Memoria interna máxima: 192 GB, Tipo de ranuras de memoria: DIMM. Interfaces de disco de almacenamiento soportados: M.2, SATA III, Tipos de unidades de almacenamiento admitidas: HDD & SSD, Niveles RAID: 0, 1, 10, 5. Tipo de interfaz ethernet: 2.5 Gigabit Ethernet, Máximo estándas Wi-Fi: Wi-Fi 7 (802.11be), Estándares de Wi-Fi: Wi-Fi 7 (802.11be). Componente para: PC, Factor de forma de la tarjeta madre: ATX, Familia del chipset: AMD","","","","","","https://images.icecat.biz/img/gallery/921b58767b51eb85669746526a8b5b5b870030e5.jpg|https://images.icecat.biz/img/gallery/9fc66fcb2d2754b0f8354c3c0a603784fbfe14ea.jpg|https://images.icecat.biz/img/gallery/c8a4ddab8e2ebe8fbe099c34c7a3f7525a790f3c.jpg|https://images.icecat.biz/img/gallery/102c13e73275a1553cf303ecb15b4cd182804899.jpg|https://images.icecat.biz/img/gallery/b163ef75cfa82beb49cdc902679ca8f3a55f1ac2.jpg|https://images.icecat.biz/img/gallery/d08b0114dd6f72545a196a37f9658f7cfb42b776.jpg|https://images.icecat.biz/img/gallery/63713ea98227cf1f3e0367ee403ee00ada7acb2d.jpg|https://images.icecat.biz/img/gallery/0d136d7115047bb4f151c099c2b86560060dd444.jpg|https://images.icecat.biz/img/gallery/e9ac2ab67d3a2afe234b8cd5c4c55c55a3916976.jpg|https://images.icecat.biz/img/gallery/666fb1bd4df2c78a5950acb83d05dbc85c484172.jpg|https://images.icecat.biz/img/gallery/b9c98a3b19b7533a25beebd78312d94f66065218.jpg|https://images.icecat.biz/img/gallery/2e0e2484bb199b3bbd3095e4f5657f799809a568.jpg|https://images.icecat.biz/img/gallery/6f2c4600cf78a082d2788a15072e59b29ed2dcfb.jpg|https://images.icecat.biz/img/gallery/e3aa2605e4d9b607e4b36ecdb0c311b699a9a169.jpg","2381x1953|1200x1200|3686x4452|3107x4741|3370x4437|3416x4630|3869x4918|3935x3332|3932x3065|4831x2349|5995x2667|3749x4536|4001x1458|2355x1925","|||||||||||||","","","","","","","","","","","","","","UEFI AMI","256 MB/s","Si","","","","","","","","","","","PC","ATX","AMD","AMD X870","7.1 channels","","Windows 11","Realtek ALC4080","Aluminio","","","SATA","","","","","M.2, SATA III","HDD & SSD","2","6","Si","0, 1, 10, 5","","","353 mm","273 mm","68 mm","2,32 kg","No compatible","","","","No","2","2","","2","","","","","","Si","","Si","5","","","","","Si","","","Si","Si","1","","","","","","","DDR5-SDRAM","4","192 GB","DIMM","Doble canal","ECC y no ECC","","Si","","","","","","","1,84 kg","","","","","4","","5","1","1","","1","","1","1","","Si","","","","Si","","1","2","","","","305 mm","244 mm","50 mm","AMD","Enchufe AM5","","Enchufe AM5","","","2","4","","","","","","","","1","","","","","","","","","","","","Si","Si","2.5 Gigabit Ethernet","Wi-Fi 7 (802.11be)","Wi-Fi 7 (802.11be)","Si","5.4","","","",""
"X870 AORUS Elite WiFi7","","122200622","","GIGABYTE","X870 A ELITE WIFI7","122200622","4719331864811|0889523045213|889523045213","Placas base","164","","","X870 AORUS ELITE WIFI7","20260825202016","ICECAT","1","138441","https://images.icecat.biz/img/gallery/3ebc3c14d91cef5cd9adac0f22494a1f3062e382.jpg","2063x1505","https://images.icecat.biz/img/gallery_lows/0f7cc40d7d56b99e40872182efbb1520c4c67b73.jpg","https://images.icecat.biz/img/gallery_mediums/e9fc4a927062432bb50dd0c40abdd9b5a8974ac2.jpg","https://images.icecat.biz/img/gallery_thumbs/351aaf22e75eb2a54cf9b68cb7e88b34554421d4.jpg","https://icecat.biz/rest/product-pdf?productId=122200622&lang=es_pe","","GIGABYTE X870 AORUS ELITE WIFI7 AMD X870 Enchufe AM5 ATX","","GIGABYTE X870 AORUS ELITE WIFI7, AMD, Enchufe AM5, AMD Ryzen 7000 Series, AMD Ryzen 8000 Series, AMD Ryzen 9000 Series, Enchufe AM5, 256 GB, DDR5-SDRAM","GIGABYTE X870 AORUS ELITE WIFI7. Fabricante de procesador: AMD, Socket de procesador: Enchufe AM5, Procesador compatible: AMD Ryzen 7000 Series, AMD Ryzen 8000 Series, AMD Ryzen 9000 Series. tipos de memoria compatibles: DDR5-SDRAM, Memoria interna máxima: 256 GB, Tipo de ranuras de memoria: DIMM. Interfaces de disco de almacenamiento soportados: M.2, SATA III, Tipos de unidades de almacenamiento admitidas: HDD & SSD, Niveles RAID: 0, 1, 10. Tipo de interfaz ethernet: 2.5 Gigabit Ethernet, Controlador LAN: Realtek RTL8125, Máximo estándas Wi-Fi: Wi-Fi 7 (802.11be). Componente para: PC, Factor de forma de la tarjeta madre: ATX, Familia del chipset: AMD","","","","","","https://images.icecat.biz/img/gallery/3ebc3c14d91cef5cd9adac0f22494a1f3062e382.jpg|https://images.icecat.biz/img/gallery/93a416b8e41721e83c79a62c2901bd2895f82df7.jpg|https://images.icecat.biz/img/gallery/a7ce4ba5fe552f2a5d5ccb749f7b23bd9b106a30.jpg|https://images.icecat.biz/img/gallery/81f9bf7dde0d0a5b9dbab237b5cbd972d6be7747.jpg|https://images.icecat.biz/img/gallery/b168da01674337ce8c47903102e7254122a25a9d.jpg","2063x1505|1621x1960|1454x2002|1569x1981|2026x742","||||","","","","","","","","","","","","","","UEFI AMI","256 MB/s","Si","5.0","Si","2.7","2.7","3 g","0,07 g","1","Lithium-Manganese Dioxide (LiMnO2)","CR2032","220 mAh","PC","ATX","AMD","AMD X870","7.1 channels","","Windows 11 x64","Realtek ALC1220","Negro","Ventilador, Temperatura, Voltaje","","","Norton® Internet Security (OEM version)\nLAN bandwidth management software","Si","Si","Si","M.2, SATA III","HDD & SSD","4","8","Si","0, 1, 10","China","1 pieza(s)","335 mm","270 mm","80 mm","2,74 kg","No compatible","","","12.0","No","2","1","","4","","","","","Si","Si","","Si","6","","Si","","Si","","Si","","Si","","1","2","2","","3","4","","DDR5-SDRAM","4","256 GB","DIMM","Doble canal","No-ECC","4400,4800,5200,5600,6000,6200,6400,6600,6666,6800,7000,7200,7600,7800,8000,8200 MHz","","8200 MHz","64 GB","1GB, 2GB, 4GB, 8GB, 16GB, 24GB, 32GB","","","","2,4 kg","","","","2","4","","3","","1","","1","","2","1","","Si","","","2.1","Si","1.4","2","2","","","","305 mm","244 mm","35 mm","AMD","Enchufe AM5","AMD Ryzen 7000 Series, AMD Ryzen 8000 Series, AMD Ryzen 9000 Series","Enchufe AM5","256 GB","","1","4","1","25110","5.0","22110","5.0","22110","5.0","1","22110","4.0","","","","2","","","","","","Si","Si","2.5 Gigabit Ethernet","Wi-Fi 7 (802.11be)","Wi-Fi 7 (802.11be)","Si","5.4","Realtek RTL8125","MediaTek MT7925","3 Año(s)",""
"ROG Strix X870E-E Gaming WiFi","","122344462","","ASUS","90MB1IB0-M0EAY0","122344462","4711387724163|0197105724167|197105724167|0199291407947|199291407947","Placas base","164","","","ROG STRIX X870E-E GAMING WIFI","20260819142229","ICECAT","1","206783","https://images.icecat.biz/img/gallery/ad729e68f99a9f660036fb986e4ee0a5056d434d.jpg","2350x1875","https://images.icecat.biz/img/gallery_lows/5b50eb5f66cf9949bb259b6dc81a36779e76bc9a.jpg","https://images.icecat.biz/img/gallery_mediums/d3329c0919f9c1be5279576b6f333376bc1462d9.jpg","https://images.icecat.biz/img/gallery_thumbs/dfbc4b5ff2e4ae8b7fb09ae3959870ef3979d9b2.jpg","https://icecat.biz/rest/product-pdf?productId=122344462&lang=es_pe","","ASUS ROG STRIX X870E-E GAMING WIFI AMD X870E Enchufe AM5 ATX","","ASUS ROG STRIX X870E-E GAMING WIFI, AMD, Enchufe AM5, DDR5-SDRAM, 192 GB, DIMM, Doble canal","ASUS ROG STRIX X870E-E GAMING WIFI. Fabricante de procesador: AMD, Socket de procesador: Enchufe AM5. tipos de memoria compatibles: DDR5-SDRAM, Memoria interna máxima: 192 GB, Tipo de ranuras de memoria: DIMM. Interfaces de disco de almacenamiento soportados: M.2, SATA III, Tipos de unidades de almacenamiento admitidas: HDD & SSD, Niveles RAID: 0, 1, 10, 5. Tipo de interfaz ethernet: 5 Gigabit Ethernet, Máximo estándas Wi-Fi: Wi-Fi 7 (802.11be), Estándares de Wi-Fi: Wi-Fi 7 (802.11be). Componente para: PC, Factor de forma de la tarjeta madre: ATX, Familia del chipset: AMD","","","","","","https://images.icecat.biz/img/gallery/ad729e68f99a9f660036fb986e4ee0a5056d434d.jpg|https://images.icecat.biz/img/gallery/be91744c08ebc16201c5ab4f58be8b3e63bb0818.jpg|https://images.icecat.biz/img/gallery/aae13e071565ef3d034caa5a2927a238a6e56d37.jpg|https://images.icecat.biz/img/gallery/edb41ff5e7f8bfa42d9e593c5d749c4d5b609d1e.jpg|https://images.icecat.biz/img/gallery/2f4fa3c6dab006e506c4a4e697139b4c50367578.jpg|https://images.icecat.biz/img/gallery/51073e4615c2297dc48222f4cd624b90aabc69bb.jpg|https://images.icecat.biz/img/gallery/0244574afaf4747be9c7b8c2200a94d17f11a2ee.jpg|https://images.icecat.biz/img/gallery/0194d5fba025aece79a26e12f1ceb2df2a5dde3e.jpg|https://images.icecat.biz/img/gallery/ae7a7892e2e39750bd2dffd665cc53195a9b5b37.jpg|https://images.icecat.biz/img/gallery/83f023a3228ec606f3e45cd9f737a50d2e5e2c5b.jpg|https://images.icecat.biz/img/gallery/c711d619fc7c972ecdb70fd4fce475b78d780e9f.jpg|https://images.icecat.biz/img/gallery/12b17c0dc0ccc5bde3e354ef69f713409bd00e24.jpg|https://images.icecat.biz/img/gallery/6ab865dc922c59e2900583b48e0c97101c250581.jpg|https://images.icecat.biz/img/gallery/8d6de6919da3bedcdc410a83efca15379f55ee35.jpg|https://images.icecat.biz/img/gallery/90a84218d8af2ec3c99b858faaec327d3a70ff74.jpg","2350x1875|3853x4658|3544x4595|3276x4601|3456x4359|3825x3279|3796x2975|4347x2098|5112x2234|2560x1279|3110x4639|3527x4324|3478x1266|5660x2804|2325x1911","||||||||||||||","","","","","","","","","","","","","","UEFI AMI","256 MB/s","Si","","","","","","","","","","","PC","ATX","AMD","AMD X870E","7.1 channels","","Windows 11 x64","Realtek ALC4080","Negro","","","SATA","","","","","M.2, SATA III","HDD & SSD","4","9","Si","0, 1, 10, 5","","","365 mm","281 mm","87 mm","3,02 kg","No compatible","","","","No","3","2","","4","","","","","","Si","","Si","5","","","","","Si","","","Si","","1","","","","","","","DDR5-SDRAM","4","192 GB","DIMM","Doble canal","ECC y no ECC","","Si","","","","","","","2,06 kg","","","","","","","9","1","1","","1","","","1","","Si","","1","","Si","","1","2","","","","305 mm","244 mm","50 mm","AMD","Enchufe AM5","","","","","1","5","","","","","","","","1","","","","","","","","","","","","Si","Si","5 Gigabit Ethernet","Wi-Fi 7 (802.11be)","Wi-Fi 7 (802.11be)","Si","5.4","","","",""
"ROG Crosshair X870E Hero","","122442703","","ASUS","90MB1IE0-M0AAY0","122442703","","Placas base","164","","","ROG CROSSHAIR X870E HERO","20241122174740","ICECAT","1","29805","https://images.icecat.biz/img/gallery/899b87d0a8aac7e0aa0d9fcc543090e9a8967a63.jpg","732x732","https://images.icecat.biz/img/gallery_lows/9cb916ece5e0aa9045a9bfe7b85c5093dd4515b3.jpg","https://images.icecat.biz/img/gallery_mediums/348a00ea5b8e684beb4799a456eec4b556c7feea.jpg","https://images.icecat.biz/img/gallery_thumbs/6dfb5fe0d71e873dcf279f8b86f8425e0685c665.jpg","https://icecat.biz/rest/product-pdf?productId=122442703&lang=es_pe","","ASUS ROG CROSSHAIR X870E HERO AMD X870E Enchufe AM5 ATX","","ASUS ROG CROSSHAIR X870E HERO, AMD, Enchufe AM5, AMD Ryzen 7000 Series, AMD Ryzen 8000 Series, AMD Ryzen 9000 Series, Enchufe AM5, DDR5-SDRAM, 192 GB","ASUS ROG CROSSHAIR X870E HERO. Fabricante de procesador: AMD, Socket de procesador: Enchufe AM5, Procesador compatible: AMD Ryzen 7000 Series, AMD Ryzen 8000 Series, AMD Ryzen 9000 Series. tipos de memoria compatibles: DDR5-SDRAM, Memoria interna máxima: 192 GB, Tipo de ranuras de memoria: DIMM. Interfaces de disco de almacenamiento soportados: M.2, SATA III, SlimSAS, Tipos de unidades de almacenamiento admitidas: HDD & SSD, Niveles RAID: 0, 1, 5, 10. Versión de DisplayPort: 1.4a. Tipo de interfaz ethernet: 2.5 Gigabit Ethernet, 5 Gigabit Ethernet, Máximo estándas Wi-Fi: Wi-Fi 7 (802.11be), Estándares de Wi-Fi: 802.11a, 802.11b, 802.11g, Wi-Fi 4 (802.11n), Wi-Fi 5 (802.11ac), Wi-Fi 6 (802.11ax), Wi-Fi 6E...","","","","","","https://images.icecat.biz/img/gallery/899b87d0a8aac7e0aa0d9fcc543090e9a8967a63.jpg|https://images.icecat.biz/img/gallery/f4f409aaeb9ec1b89a718e2471036af0dc4e5cda.jpg|https://images.icecat.biz/img/gallery/06a2858ee040315c2bd10c0b03ce80601d73cc22.jpg|https://images.icecat.biz/img/gallery/50bd9a86997a828852c5dbb9e7d966344c43d651.jpg|https://images.icecat.biz/img/gallery/058d54e4ac554e87e6fdde91c939425a2de369d0.jpg|https://images.icecat.biz/img/gallery/60f504ece473a00b5d139399af693e7f972cea2f.jpg|https://images.icecat.biz/img/gallery/8e76359a5530f020e8cb8a33fef66688d41e1b76.jpg|https://images.icecat.biz/img/gallery/797f57b87ae53afcee3d14fab36d169cfbcb7075.jpg|https://images.icecat.biz/img/gallery/fc6b4748fb98ea20056f52a36a96456d4669e4e8.jpg|https://images.icecat.biz/img/gallery/64b1715b98a18e1b6103df70e3faf3039f80520a.jpg|https://images.icecat.biz/img/gallery/2b999c9d64ffd42072af41e501e63daff3f0190b.jpg|https://images.icecat.biz/img/gallery/9e2af047178ecae3b905554679deaf78588c0481.jpg|https://images.icecat.biz/img/gallery/fa886a75d6efabb0e567a6e816b1a2afaddc29da.jpg","732x732|732x732|732x732|732x732|732x732|732x732|732x732|732x732|732x732|732x732|732x732|732x732|732x732","||||||||||||","","","","","","","","","","","","","","UEFI AMI","256 MB/s","","","","","","","","","","","","PC","ATX","AMD","AMD X870E","7.1 channels","ATX","Windows 11","Realtek ALC4082","Negro","","Pasivo","SATA","","","","","M.2, SATA III, SlimSAS","HDD & SSD","4","10","Si","0, 1, 5, 10","","","","","","","No compatible","","","","No","2","2","2","4","","","","","","Si","","Si","4","","Si","","","Si","Si","","Si","","","","","","","","","DDR5-SDRAM","4","192 GB","DIMM","Doble canal","ECC y no ECC","","Si","8600 MHz","","","","","","","","Si","Si","","","","6","2","2","","1","","","1","Si","Si","","","2.1","Si","1.4a","2","2","","","","305 mm","244 mm","","AMD","Enchufe AM5","AMD Ryzen 7000 Series, AMD Ryzen 8000 Series, AMD Ryzen 9000 Series","Enchufe AM5","","","","5","","","","","","","","2","","","","","","","","","","","","Si","Si","2.5 Gigabit Ethernet, 5 Gigabit Ethernet","Wi-Fi 7 (802.11be)","802.11a, 802.11b, 802.11g, Wi-Fi 4 (802.11n), Wi-Fi 5 (802.11ac), Wi-Fi 6 (802.11ax), Wi-Fi 6E (802.11ax), Wi-Fi 7 (802.11be)","Si","5.4","","","",""
"B860 Pro RS WiFi","","124746096","You are not allowed to access a Full Icecat repository with a free Open Icecat account. Please, check the manual or upgrade your account","Asrock","","","","","","","","","","","","","","","","","","","","","","","","","","","","","","","","","","","","","","","","","","","","","","","","","","","","","","","","","","","","","","","","","","","","","","","","","","","","","","","","","","","","","","","","","","","","","","","","","","","","","","","","","","","","","","","","","","","","","","","","","","","","","","","","","","","","","","","","","","","","","","","","","","","","","","","","","","","","","","","","","","","","","","","","","","","","","","","","","","","","","","","","","","","","","","","","","","","","","","","","",""
"MAG B860M Mortar WiFi","","127689061","","MSI","MAG B860M MORTAR WIFI","127689061","","Placas base","164","","","MAG B860M MORTAR WIFI","20260513104339","ICECAT","1","1179","https://images.icecat.biz/img/gallery/de1c19ed7efa8c063856ff18f98d6d7dec2c6dc0.jpg","1000x800","https://images.icecat.biz/img/gallery_lows/75489751134c931039d787957f2e5e84c2d8311c.jpg","https://images.icecat.biz/img/gallery_mediums/4cf0bc04bafa4963a907e1caff80f4ce42956eb7.jpg","https://images.icecat.biz/img/gallery_thumbs/12e974fc8a4fe589a6e85c3d3e4a2c0435f42cfb.jpg","https://icecat.biz/rest/product-pdf?productId=127689061&lang=es_pe","","MSI MAG B860M MORTAR WIFI placa base Intel B860 LGA 1851 (Socket V1) ATX","","MSI MAG B860M MORTAR WIFI, Intel, LGA 1851 (Socket V1), Intel Core Ultra (Series 2), LGA 1851, DDR5-SDRAM, 256 GB","MSI MAG B860M MORTAR WIFI. Fabricante de procesador: Intel, Socket de procesador: LGA 1851 (Socket V1), Procesador compatible: Intel Core Ultra (Series 2). tipos de memoria compatibles: DDR5-SDRAM, Memoria interna máxima: 256 GB, Tipo de ranuras de memoria: DIMM. Interfaces de disco de almacenamiento soportados: M.2, Micro SATA III, Tipos de unidades de almacenamiento admitidas: HDD & SSD, Niveles RAID: 0, 1, 5, 10. Tipo de interfaz ethernet: 5 Gigabit Ethernet, Máximo estándas Wi-Fi: Wi-Fi 7 (802.11be), Estándares de Wi-Fi: 802.11a, 802.11b, 802.11g, Wi-Fi 4 (802.11n), Wi-Fi 5 (802.11ac), Wi-Fi 6 (802.11ax), Wi-Fi 6E.... Componente para: PC, Factor de forma de la tarjeta madre: ATX, Familia del chipset: AMD","","","","","","https://images.icecat.biz/img/gallery/de1c19ed7efa8c063856ff18f98d6d7dec2c6dc0.jpg|https://images.icecat.biz/img/gallery/bec6c73069c75f6cbec7f61ce092f971e6a3bac1.jpg|https://images.icecat.biz/img/gallery/8d003daa1f5e1bcdd51d5d17b2d2dffad2cc671d.jpg|https://images.icecat.biz/img/gallery/afce11f1b6b3731f633eaee243b16833c6a7882f.jpg|https://images.icecat.biz/img/gallery/dd462a8fbfe0287362736381bd084d4f7aaf7ec8.jpg","1000x800|1000x800|1000x800|1000x800|1000x800","||||","","","","","https://objects.icecat.biz/objects/127689061_75324912.mp4","","","","","","","","","UEFI AMI","256 MB/s","","6.5","","","3.7","","","","","","","PC","ATX","AMD","Intel B860","7.1 channels","","Windows 11 x64","Realtek ALC897","Negro","","","","","","","","M.2, Micro SATA III","HDD & SSD","4","7","Si","0, 1, 5, 10","","","","","","","","","","","No","4","2","1","4","","4","","","","","","Si","","","","","","","Si","","","","","1","","","1","3","","DDR5-SDRAM","4","256 GB","DIMM","Doble canal","No-ECC","5600,6400,7200,9200 MHz","","9200 MHz","","","","","","","","","","4","","","3","1","1","","1","","","","","","","","2.1","","","","","","","","243,8 mm","243,8 mm","","Intel","LGA 1851 (Socket V1)","Intel Core Ultra (Series 2)","LGA 1851","","","1","3","","2280","5.0","2280","4.0","2280","4.0","1","","","","","","","","","","","1","Si","Si","5 Gigabit Ethernet","Wi-Fi 7 (802.11be)","802.11a, 802.11b, 802.11g, Wi-Fi 4 (802.11n), Wi-Fi 5 (802.11ac), Wi-Fi 6 (802.11ax), Wi-Fi 6E (802.11ax), Wi-Fi 7 (802.11be)","Si","5.4","","Killer Wi-Fi 7 1750x","",""
"MPG Z890 Edge Ti WiFi","","122620182","","MSI","MPG Z890 EDGE TI WIFI","122620182","4711377260800|0824142383773|824142383773","Placas base","164","","","MPG Z890 EDGE TI WIFI","20260713171240","ICECAT","1","120659","https://images.icecat.biz/img/gallery/b02e54dfe46c5f4d20f056694f8fe5e14768683e.jpg","2226x1961","https://images.icecat.biz/img/gallery_lows/c0e0e15f9a303d2d1235302e436c316f67bf7fe3.jpg","https://images.icecat.biz/img/gallery_mediums/c183c138b6e01f6697e0ddadd438120b7e2da0a0.jpg","https://images.icecat.biz/img/gallery_thumbs/f26ce493393f0777f2782fea6bb01e54ecfa597d.jpg","https://icecat.biz/rest/product-pdf?productId=122620182&lang=es_pe","","MSI MPG Z890 EDGE TI WIFI placa base Intel Z890 LGA 1851 (Socket V1) ATX","","MSI MPG Z890 EDGE TI WIFI, Intel, LGA 1851 (Socket V1), Intel Core Ultra (Series 2), LGA 1851, 256 GB, DDR5-SDRAM","MSI MPG Z890 EDGE TI WIFI. Fabricante de procesador: Intel, Socket de procesador: LGA 1851 (Socket V1), Procesador compatible: Intel Core Ultra (Series 2). tipos de memoria compatibles: DDR5-SDRAM, Memoria interna máxima: 256 GB, Tipo de ranuras de memoria: DIMM. Interfaces de disco de almacenamiento soportados: M.2, SATA III, Tipos de unidades de almacenamiento admitidas: HDD & SSD, Niveles RAID: 0, 5, 10. Tipo de interfaz ethernet: 5 Gigabit Ethernet, Máximo estándas Wi-Fi: Wi-Fi 7 (802.11be), Estándares de Wi-Fi: 802.11a, 802.11b, 802.11g, Wi-Fi 4 (802.11n), Wi-Fi 5 (802.11ac), Wi-Fi 6 (802.11ax), Wi-Fi 6E.... Componente para: PC, Factor de forma de la tarjeta madre: ATX, Familia del chipset: Intel","","","","","","https://images.icecat.biz/img/gallery/b02e54dfe46c5f4d20f056694f8fe5e14768683e.jpg|https://images.icecat.biz/img/gallery/751d2738606c07c966edf859fa135bbb750d7004.jpg|https://images.icecat.biz/img/gallery/72557541b0203055b5b08ead0f400394615b6c66.jpg|https://images.icecat.biz/img/gallery/fa8091da04ef3fe3373012a0d54dbe72b9341b20.jpg|https://images.icecat.biz/img/gallery/cf2d272526cf3556bd3114b52f742d0f8707a53d.jpg","2226x1961|1153x1408|1179x1408|996x1408|1761x645","||||","","","","","","","","","","","","","","","","","","","","","","","","","","","PC","ATX","Intel","Intel Z890","7.1 channels","","Windows 11 x64","Realtek ALC1220P","Blanco","","","","","","","","M.2, SATA III","HDD & SSD","9","4","Si","0, 5, 10","","","","","","","","","","","","4","2","1","4","","4","","","","","","Si","","","","","","","","","","","","","","","","","","DDR5-SDRAM","4","256 GB","DIMM","Doble canal","","4800,6400,9200 MHz","","9200 MHz","","","","","","","","","","1","4","1","","1","1","","1","","","","","","","","2.1","","","","","","","2","243,8 mm","304,8 mm","","Intel","LGA 1851 (Socket V1)","Intel Core Ultra (Series 2)","LGA 1851","256 GB","","1","5","","","","","","","","1","","","2","","","","","","","","1","Si","Si","5 Gigabit Ethernet","Wi-Fi 7 (802.11be)","802.11a, 802.11b, 802.11g, Wi-Fi 4 (802.11n), Wi-Fi 5 (802.11ac), Wi-Fi 6 (802.11ax), Wi-Fi 6E (802.11ax), Wi-Fi 7 (802.11be)","Si","5.4","","Killer Wi-Fi 7 BE1750","",""
"ROG Strix Z890-A Gaming WiFi","","122653616","","ASUS","90MB1I90-M0EAY0","122653616","4711387758830|0197105758834|197105758834","Placas base","164","","","ROG STRIX Z890-A GAMING WIFI","20260805141337","ICECAT","1","127538","https://images.icecat.biz/img/gallery/fd61e8a7e84ceedfdd4dcba8c825dc168bfeaa89.jpg","2697x2267","https://images.icecat.biz/img/gallery_lows/8d7dec282b5730e6a37c742c5857fd858bdeaecd.jpg","https://images.icecat.biz/img/gallery_mediums/e95bfdef0cfb4356e12b22a16ac18f836933557a.jpg","https://images.icecat.biz/img/gallery_thumbs/f11455e116eb99de02da2a86b8524b081194cd6c.jpg","https://icecat.biz/rest/product-pdf?productId=122653616&lang=es_pe","","ASUS ROG STRIX Z890-A GAMING WIFI Intel Z890 LGA 1851 (Socket V1) ATX","","ASUS ROG STRIX Z890-A GAMING WIFI, Intel, LGA 1851 (Socket V1), Intel Core Ultra (Series 2), DDR5-SDRAM, 192 GB, DIMM","ASUS ROG STRIX Z890-A GAMING WIFI. Fabricante de procesador: Intel, Socket de procesador: LGA 1851 (Socket V1), Procesador compatible: Intel Core Ultra (Series 2). tipos de memoria compatibles: DDR5-SDRAM, Memoria interna máxima: 192 GB, Tipo de ranuras de memoria: DIMM. Interfaces de disco de almacenamiento soportados: M.2, SATA III, Tipos de unidades de almacenamiento admitidas: HDD & SSD, Niveles RAID: 0, 1, 5, 10. Tipo de interfaz ethernet: 2.5 Gigabit Ethernet, Máximo estándas Wi-Fi: Wi-Fi 7 (802.11be), Estándares de Wi-Fi: 802.11a, 802.11b, 802.11g, Wi-Fi 4 (802.11n), Wi-Fi 5 (802.11ac), Wi-Fi 6 (802.11ax), Wi-Fi 6E.... Componente para: PC, Factor de forma de la tarjeta madre: ATX, Familia del chipset: Intel","","","","","","https://images.icecat.biz/img/gallery/fd61e8a7e84ceedfdd4dcba8c825dc168bfeaa89.jpg|https://images.icecat.biz/img/gallery/9fc66fcb2d2754b0f8354c3c0a603784fbfe14ea.jpg|https://images.icecat.biz/img/gallery/0a71fb0fa68ed14f5b0282332e84b6e69c23f0d3.jpg|https://images.icecat.biz/img/gallery/df7f5c279861e01019c9b5b0187ac7410aef9e85.jpg|https://images.icecat.biz/img/gallery/2b6b89beaf897f721689305ebac8510fd70ad0af.jpg|https://images.icecat.biz/img/gallery/cc4c033a4e3d942a9fa7793668b88d6a97f09705.jpg|https://images.icecat.biz/img/gallery/5a9d2d6275ef9f963f7b95caa7fc45045bd3c2cd.jpg|https://images.icecat.biz/img/gallery/5d09a829387a29b1e916439dae5f0d86026cf0fb.jpg|https://images.icecat.biz/img/gallery/fa12a42f7bcdcece816b3e0e419da7b961239362.jpg|https://images.icecat.biz/img/gallery/31c8c5c91c52eccab8bbf4ed09b119e5c91f022c.jpg|https://images.icecat.biz/img/gallery/f4ccbdca945159581fe8ea12bd4f9f5934f0b5d9.jpg|https://images.icecat.biz/img/gallery/1174a047cc231085e93824fea91a05921e520a07.jpg|https://images.icecat.biz/img/gallery/f9143c979c8221f3ff1cac407001fab880f71288.jpg|https://images.icecat.biz/img/gallery/10e5560455880c924e7ca6e74de973f12d96e3a9.jpg","2697x2267|1200x1200|3603x4334|3470x4394|3108x4682|3628x4417|3413x4616|3850x3352|3642x2981|4606x2066|5750x2429|3434x4203|3823x1343|4161x3412","|||||||||||||","","","","","","","","","","","","","","UEFI AMI","256 MB/s","Si","","","","","","","","","","","PC","ATX","Intel","Intel Z890","7.1 channels","ATX","Windows 11","Realtek ALC4080","Blanco","","Pasivo","SATA","","","","","M.2, SATA III","HDD & SSD","4","9","Si","0, 1, 5, 10","","","353 mm","273 mm","68 mm","1,98 kg","No compatible","","","","No","2","2","1","4","","","","","","Si","","Si","5","","Si","","","Si","Si","","Si","Si","","","","","","","1","DDR5-SDRAM","4","192 GB","DIMM","Doble canal","No-ECC","","Si","8600 MHz","","","","","","","","Si","Si","","2","","5","1","1","","1","","1","1","Si","","","","2.1","Si","1.4","2","","","","2","305 mm","244 mm","","Intel","LGA 1851 (Socket V1)","Intel Core Ultra (Series 2)","","","","1","5","","","","","","","","1","","","","","","","","","","","","Si","Si","2.5 Gigabit Ethernet","Wi-Fi 7 (802.11be)","802.11a, 802.11b, 802.11g, Wi-Fi 4 (802.11n), Wi-Fi 5 (802.11ac), Wi-Fi 6 (802.11ax), Wi-Fi 6E (802.11ax), Wi-Fi 7 (802.11be)","Si","5.4","","","",""
"ROG Maximus Z890 Hero","","122653615","","ASUS","90MB1ID0-M0EAY0","122653615","4711387747223|0197105747227|197105747227","Placas base","164","","","ROG MAXIMUS Z890 HERO","20260805141337","ICECAT","1","144570","https://images.icecat.biz/img/gallery/39493ede4820470ecbc41ab878d958e8122be4ac.jpg","2028x1702","https://images.icecat.biz/img/gallery_lows/a6dbb95e66f9e258f1774683880ee6f9f824ecb2.jpg","https://images.icecat.biz/img/gallery_mediums/d347bd76088abf928994c87cdfc4d715b0f1e692.jpg","https://images.icecat.biz/img/gallery_thumbs/da0bddb2603211ad4bd0b0f904c7352243d02b6e.jpg","https://icecat.biz/rest/product-pdf?productId=122653615&lang=es_pe","","ASUS ROG MAXIMUS Z890 HERO Intel Z890 LGA 1851 (Socket V1) ATX","","ASUS ROG MAXIMUS Z890 HERO, Intel, LGA 1851 (Socket V1), Intel Core Ultra (Series 2), DDR5-SDRAM, 192 GB, DIMM","ASUS ROG MAXIMUS Z890 HERO. Fabricante de procesador: Intel, Socket de procesador: LGA 1851 (Socket V1), Procesador compatible: Intel Core Ultra (Series 2). tipos de memoria compatibles: DDR5-SDRAM, Memoria interna máxima: 192 GB, Tipo de ranuras de memoria: DIMM. Interfaces de disco de almacenamiento soportados: M.2, SATA III, Tipos de unidades de almacenamiento admitidas: HDD & SSD, Niveles RAID: 0, 1, 5. Tipo de conector USB: USB tipo A, USB Tipo C. Tipo de interfaz ethernet: 2.5 Gigabit Ethernet, 5 Gigabit Ethernet, Máximo estándas Wi-Fi: Wi-Fi 7 (802.11be)","","","","","","https://images.icecat.biz/img/gallery/39493ede4820470ecbc41ab878d958e8122be4ac.jpg|https://images.icecat.biz/img/gallery/9fc66fcb2d2754b0f8354c3c0a603784fbfe14ea.jpg|https://images.icecat.biz/img/gallery/6040f550c6b92dfed13433256b534653bd9c8870.jpg|https://images.icecat.biz/img/gallery/74c0c41a8137c8b6d9266e6d582248a8531e667d.jpg|https://images.icecat.biz/img/gallery/670d6de54e39ebda4144603701ca2df811aea8d3.jpg|https://images.icecat.biz/img/gallery/f7f145adad4066bebbc331284fb953e51cf41824.jpg|https://images.icecat.biz/img/gallery/de48bf27afb5c842958969731ba2af6e3de8a485.jpg|https://images.icecat.biz/img/gallery/54eed0dfcc31ff277b76afb6aba233676e4e1e0b.jpg|https://images.icecat.biz/img/gallery/5789677c9c4f6609609ca7ddf52da89f9bfade0f.jpg|https://images.icecat.biz/img/gallery/60e09123012ff7a80f77f582909fda89f5750ca2.jpg|https://images.icecat.biz/img/gallery/19073ffc2d2ebe99aa9cc907d02db5b05f65f015.jpg|https://images.icecat.biz/img/gallery/60be2bcdea1d1d35e4dcaa4ea338bcf3253a6af7.jpg|https://images.icecat.biz/img/gallery/d3e4560157ca5b46997884aa36d48ad1965ab4d6.jpg|https://images.icecat.biz/img/gallery/865185b1f1fc0ef16d93172fc9c6d3141ed82f12.jpg","2028x1702|1200x1200|2019x2444|2540x2048|2600x2209|1677x2553|2500x2500|1834x2522|1988x2552|2580x1231|2607x1135|2042x2476|2500x2500|2497x2108","|||||||||||||","","","","","","","","","","","","","","UEFI AMI","256 MB/s","Si","","","","","","","","","","","PC","ATX","Intel","Intel Z890","7.1 channels","","Windows 11","Realtek ALC4082","Negro","","","","","","","","M.2, SATA III","HDD & SSD","4","10","Si","0, 1, 5","","","370 mm","312 mm","108 mm","","No compatible","","","","No","2","2","1","4","","","","","","Si","","Si","4","","Si","","","Si","","","Si","","1","","","","","","1","DDR5-SDRAM","4","192 GB","DIMM","Doble canal","No-ECC","","Si","8800 MHz","","","","","","","","","","","4","","4","1","2","","1","","","","","Si","USB tipo A, USB Tipo C","","","Si","","","","","","2","305 mm","244 mm","","Intel","LGA 1851 (Socket V1)","Intel Core Ultra (Series 2)","","","","1","6","","","","","","","","1","","","","","1","","","","","","","Si","Si","2.5 Gigabit Ethernet, 5 Gigabit Ethernet","Wi-Fi 7 (802.11be)","","Si","5.4","","","",""
"MAG B760M Mortar WiFi II","","116354392","","MSI","MAG B760M MORTAR WIFI II","116354392","0824142337820|824142337820","Placas base","164","","","MAG B760M MORTAR WIFI II DDR5","20250605100254","ICECAT","1","30184","https://images.icecat.biz/img/gallery/006249eddaa0cafb88529a29a0d57f9fb54a957a.jpg","2453x1663","https://images.icecat.biz/img/gallery_lows/472d54f4500ca4e3a11f088992b481451bf706a5.jpg","https://images.icecat.biz/img/gallery_mediums/75ee93619ed8214a28191fcc876330c85a6017f3.jpg","https://images.icecat.biz/img/gallery_thumbs/ed874d36cb592a85abad74c4f976e26c45b1b20c.jpg","https://icecat.biz/rest/product-pdf?productId=116354392&lang=es_pe","","MSI MAG B760M MORTAR WIFI II DDR5 Intel B760 LGA 1700 Micro ATX","","MSI MAG B760M MORTAR WIFI II DDR5, Intel, LGA 1700, Intel® Celeron®, Intel® Pentium® Gold, LGA 1700, 192 GB, DDR5-SDRAM","MSI MAG B760M MORTAR WIFI II DDR5. Fabricante de procesador: Intel, Socket de procesador: LGA 1700, Procesador compatible: Intel® Celeron®, Intel® Pentium® Gold. tipos de memoria compatibles: DDR5-SDRAM, Memoria interna máxima: 192 GB, Tipo de ranuras de memoria: DIMM. Interfaces de disco de almacenamiento soportados: M.2, SATA III, Niveles RAID: 0, 1, 5, 10. Tipo de interfaz ethernet: 2.5 Gigabit Ethernet, Máximo estándas Wi-Fi: Wi-Fi 6E (802.11ax), Estándares de Wi-Fi: 802.11a, 802.11b, 802.11g, Wi-Fi 4 (802.11n), Wi-Fi 5 (802.11ac), Wi-Fi 6 (802.11ax), Wi-Fi 6E.... Componente para: PC, Factor de forma de la tarjeta madre: Micro ATX, Familia del chipset: Intel","","","","","","https://images.icecat.biz/img/gallery/006249eddaa0cafb88529a29a0d57f9fb54a957a.jpg|https://images.icecat.biz/img/gallery/46a42b9ba2e2abff5451bed4802175a38d7190dc.jpg|https://images.icecat.biz/img/gallery/7efec0f7f66bf565ca5135dec995bb94673eb7cd.jpg|https://images.icecat.biz/img/gallery/3df4eba7719f2d88622225d0f1704b8dccc7454b.jpg|https://images.icecat.biz/img/gallery/e60a3c954ce029495cd2269c09ff7820d9a73306.jpg","2453x1663|1469x1449|1483x1478|1379x1600|1531x550","||||","","","","","","","","","","","","","","UEFI AMI","256 MB/s","","","","","3.5","","","","","","","PC","Micro ATX","Intel","Intel B760","7.1 channels","ATX","Windows 10, Windows 11","Realtek ALC897","Negro","","","","","","","","M.2, SATA III","","","","Si","0, 1, 5, 10","","","","","","","","","","","","4","2","1","4","","","","","Si","Si","","Si","","","","","Si","","Si","","Si","","","","","","","","","DDR5-SDRAM","4","192 GB","DIMM","Doble canal","No-ECC","7800, 7600, 7400, 7200, 7000, 6800, 6600, 6400, 6200, 6000, 5800, 5600, 5400, 5200, 5000, 4800 MHz","","7800 MHz","","","","","","","","","","4","","","3","","1","","1","","1","","","","","1","2.1","","1.4","","","","","","243,8 mm","243,8 mm","","Intel","LGA 1700","Intel® Celeron®, Intel® Pentium® Gold","LGA 1700","192 GB","1","","3","","","","","","","","","","","","2","","","","","","","","Si","Si","2.5 Gigabit Ethernet","Wi-Fi 6E (802.11ax)","802.11a, 802.11b, 802.11g, Wi-Fi 4 (802.11n), Wi-Fi 5 (802.11ac), Wi-Fi 6 (802.11ax), Wi-Fi 6E (802.11ax)","Si","5.3","","","",""
"MAG Z790 Tomahawk WiFi","","104084768","","MSI","MAG Z790 TOMAHAWK WIFI","104084768","4711377025492|0824142305690|824142305690","Placas base","164","","","MAG Z790 TOMAHAWK WIFI","20260713164910","ICECAT","1","406051","https://images.icecat.biz/img/gallery/9b20884a601bef43410004ccc70b551a2928d1d0.jpg","2447x1732","https://images.icecat.biz/img/gallery_lows/c17ff813a563ba7ed36fcc30d64e37533dc48363.jpg","https://images.icecat.biz/img/gallery_mediums/f1babc517c87e15d763e85289e5c336f42c1fd51.jpg","https://images.icecat.biz/img/gallery_thumbs/087f6bf3203e4af37ea8e2dec6e1cc762b4302c8.jpg","https://icecat.biz/rest/product-pdf?productId=104084768&lang=es_pe","","MSI MAG Z790 TOMAHAWK WIFI placa base Intel Z790 LGA 1700 ATX","","MSI MAG Z790 TOMAHAWK WIFI, Intel, LGA 1700, Intel® Celeron®, Intel® Pentium® Gold, LGA 1700, 192 GB, DDR5-SDRAM","MSI MAG Z790 TOMAHAWK WIFI. Fabricante de procesador: Intel, Socket de procesador: LGA 1700, Procesador compatible: Intel® Celeron®, Intel® Pentium® Gold. tipos de memoria compatibles: DDR5-SDRAM, Memoria interna máxima: 192 GB, Canales de memoria: Doble canal. Interfaces de disco de almacenamiento soportados: M.2, PCI Express, Tipos de unidades de almacenamiento admitidas: HDD & SSD, Niveles RAID: 0, 5, 10. Tipo de interfaz ethernet: 2.5 Gigabit Ethernet, Máximo estándas Wi-Fi: Wi-Fi 6 (802.11ax), Estándares de Wi-Fi: 802.11a, 802.11b, 802.11g, Wi-Fi 4 (802.11n), Wi-Fi 5 (802.11ac), Wi-Fi 6 (802.11ax). Componente para: PC, Factor de forma de la tarjeta madre: ATX, Familia del chipset: Intel","","","","","","https://images.icecat.biz/img/gallery/9b20884a601bef43410004ccc70b551a2928d1d0.jpg|https://images.icecat.biz/img/gallery/fa61065bca4f9fa0907872660ee77072fbba8cda.jpg|https://images.icecat.biz/img/gallery/a8706d092b6bb29521834d31c649c738f4cf16aa.jpg|https://images.icecat.biz/img/gallery/e9f4a79319bc17239e95053c30f02457a2b6169d.jpg|https://images.icecat.biz/img/gallery/86c3896b948ca2f49488606240eff5c2cc3c3a45.jpg","2447x1732|1226x1474|1185x1466|1067x1478|1571x565","||||","","","","","","","","","","","","","","UEFI AMI","256 MB/s","","6.4","","","3.5","","","","","","","PC","ATX","Intel","Intel Z790","7.1 channels","","Windows 10 x64, Windows 11 x64","","Negro","","","SATA","","","","","M.2, PCI Express","HDD & SSD","","11","Si","0, 5, 10","","","","","","","No compatible","","","","","2","2","1","7","","","","","Si","","","Si","","","","","Si","","Si","","Si","Si","","","","","","","","DDR5-SDRAM","4","192 GB","","Doble canal","No-ECC","4800,5200,5400,5600,5800,6000,6200,6400,6600,6800,7000,7200 MHz","Si","7200 MHz","","","","","","","","","","","4","","4","1","1","","1","","1","","","","","1","2.1","Si","1.4","","","","","","243,8 mm","304,8 mm","","Intel","LGA 1700","Intel® Celeron®, Intel® Pentium® Gold","LGA 1700","192 GB","","1","4","","","","","","","","1","","","","","1","","","","","","","Si","Si","2.5 Gigabit Ethernet","Wi-Fi 6 (802.11ax)","802.11a, 802.11b, 802.11g, Wi-Fi 4 (802.11n), Wi-Fi 5 (802.11ac), Wi-Fi 6 (802.11ax)","Si","5.3","","","",""
"Z790 AORUS Elite AX","","102142839","","GIGABYTE","Z790 AORUS ELITE AX","102142839","4719331849467|0889523034002|889523034002","Placas base","164","","","Z790 AORUS ELITE AX","20250604142810","ICECAT","1","365743","https://images.icecat.biz/img/gallery/c2e1c3666c3b68824eea0eaa83b25a62da9fb719.jpg","1064x765","https://images.icecat.biz/img/gallery_lows/6a0e67913fb5cac486933a65a1773277c8789acc.jpg","https://images.icecat.biz/img/gallery_mediums/91b7ca8c06b367aa24e28645e79d4ecaeaef829c.jpg","https://images.icecat.biz/img/gallery_thumbs/56ebba2281ed503f610c0257f84fdbdd3ca5a283.jpg","https://icecat.biz/rest/product-pdf?productId=102142839&lang=es_pe","","GIGABYTE Z790 AORUS ELITE AX placa base Intel Z790 LGA 1700 ATX","","GIGABYTE Z790 AORUS ELITE AX, Intel, LGA 1700, Intel® Celeron®, Intel® Core™ i3, Intel® Core™ i5, Intel® Core™ i7, Intel® Core™ i9,..., LGA 1700, 192 GB, DDR5-SDRAM","GIGABYTE Z790 AORUS ELITE AX. Fabricante de procesador: Intel, Socket de procesador: LGA 1700, Procesador compatible: Intel® Celeron®, Intel® Core™ i3, Intel® Core™ i5, Intel® Core™ i7, Intel® Core™ i9,.... tipos de memoria compatibles: DDR5-SDRAM, Memoria interna máxima: 192 GB, Tipo de ranuras de memoria: DIMM. Interfaces de disco de almacenamiento soportados: M.2, PCI Express 4.0, SATA III, Tipos de unidades de almacenamiento admitidas: HDD & SSD, Niveles RAID: 0, 1, 5, 10. Soporte para proceso paralelo: Crossfire, Máxima resolución: 4096 x 2304 Pixeles. Tipo de conector USB: USB tipo A, USB Tipo C","","","","","","https://images.icecat.biz/img/gallery/c2e1c3666c3b68824eea0eaa83b25a62da9fb719.jpg|https://images.icecat.biz/img/gallery/8dfbe1655c23f02019a4e520c8165691fdd1c3fa.jpg|https://images.icecat.biz/img/gallery/f81cb510efb810ac99a5273044c9199a7a602621.jpg|https://images.icecat.biz/img/gallery/14fafcdb3f06d520c30fd642f6226fa0cf563d3b.jpg|https://images.icecat.biz/img/gallery/0a79a9fed2243bebfe0895982ea0b7f73fe280c5.jpg|https://images.icecat.biz/img/gallery/4b0527205f6994311be81430e27f95216392be90.jpg","1064x765|792x946|684x943|778x943|1061x888|1086x395","|||||","","","","","","","","","","","","","","UEFI AMI","256 MB/s","Si","5.0","Si","2.7","2.7","3 g","0,07 g","1","Lithium-Manganese Dioxide (LiMnO2)","CR2032","","PC","ATX","Intel","Intel Z790","7.1 channels","","Windows 10 x64, Windows 11 x64","","Negro","Ventilador, Temperatura, Voltaje, Water cooling","","SATA","Norton Internet Security","Si","","","M.2, PCI Express 4.0, SATA III","HDD & SSD","6","10","Si","0, 1, 5, 10","China","1 pieza(s)","335 mm","270 mm","80 mm","2,32 kg","Crossfire","4096 x 2304 Pixeles","Si","12.0","No","2","1","1","6","","6","","","Si","Si","","Si","","","Si","","Si","Si","Si","","Si","","","","","","","","2","DDR5-SDRAM","4","192 GB","DIMM","Doble canal","ECC y no ECC","7600,7400,7200,4000,4800,5200,5400,5600,5800,6000,6200,6400,6600,6800,7000 MHz","Si","7600 MHz","","","","","","","","","","4","3","","2","","1","","1","","1","2","","Si","USB tipo A, USB Tipo C","1","2.0","Si","1.2","2","","","","","305 mm","244 mm","35 mm","Intel","LGA 1700","Intel® Celeron®, Intel® Core™ i3, Intel® Core™ i5, Intel® Core™ i7, Intel® Core™ i9, Intel® Pentium® Gold","LGA 1700","192 GB","","","4","","","","","","","","","","","3","","","","","","","","","Si","Si","2.5 Gigabit Ethernet","Wi-Fi 6E (802.11ax)","802.11a, 802.11b, 802.11g, Wi-Fi 4 (802.11n), Wi-Fi 5 (802.11ac), Wi-Fi 6 (802.11ax), Wi-Fi 6E (802.11ax)","Si","5.3","","Intel Wi-Fi 6E AX211","3 Año(s)",""
"Assassin X 120 Refined SE","","145806243","You are not allowed to access a Full Icecat repository with a free Open Icecat account. Please, check the manual or upgrade your account","Thermalright","","","","","","","","","","","","","","","","","","","","","","","","","","","","","","","","","","","","","","","","","","","","","","","","","","","","","","","","","","","","","","","","","","","","","","","","","","","","","","","","","","","","","","","","","","","","","","","","","","","","","","","","","","","","","","","","","","","","","","","","","","","","","","","","","","","","","","","","","","","","","","","","","","","","","","","","","","","","","","","","","","","","","","","","","","","","","","","","","","","","","","","","","","","","","","","","","","","","","","","","",""
"Peerless Assassin 120 SE","","116735456","You are not allowed to access a Full Icecat repository with a free Open Icecat account. Please, check the manual or upgrade your account","Thermalright","","","","","","","","","","","","","","","","","","","","","","","","","","","","","","","","","","","","","","","","","","","","","","","","","","","","","","","","","","","","","","","","","","","","","","","","","","","","","","","","","","","","","","","","","","","","","","","","","","","","","","","","","","","","","","","","","","","","","","","","","","","","","","","","","","","","","","","","","","","","","","","","","","","","","","","","","","","","","","","","","","","","","","","","","","","","","","","","","","","","","","","","","","","","","","","","","","","","","","","","",""
"NH-D15 G2","","121139098","You are not allowed to access a Full Icecat repository with a free Open Icecat account. Please, check the manual or upgrade your account","Noctua","","","","","","","","","","","","","","","","","","","","","","","","","","","","","","","","","","","","","","","","","","","","","","","","","","","","","","","","","","","","","","","","","","","","","","","","","","","","","","","","","","","","","","","","","","","","","","","","","","","","","","","","","","","","","","","","","","","","","","","","","","","","","","","","","","","","","","","","","","","","","","","","","","","","","","","","","","","","","","","","","","","","","","","","","","","","","","","","","","","","","","","","","","","","","","","","","","","","","","","","",""
